source,title,description,url,date,collected_at
"DER Sénégal","Notre mission","[rev_slider alias=""blur-effect-slider""][/rev_slider] Notre missionCréée par décret n° 2017-2123 du 15 novembre 2017, la Délégation générale à l’Entreprenariat Rapide des Femmes et des Jeunes (DER/FJ) a pour mission l’impulsion et la promotion de l’entreprenariat des femmes et des jeunes, à travers notamment : La définition et la mise en œuvre de stratégies de promotion de l’auto-emploi de","https://www.der.sn/la-der-fj/","11 août 2026","2026-09-05T13:05:17.646Z"
"DER Sénégal","PAVIE: AVIS À MANIFESTATION D’INTÉRÊT","Juin 9, 2026 | Appels à manifestation d'intérêt, Flash Infos","https://www.der.sn/pavie-avis-a-manifestation-dinteret/","","2026-09-05T13:05:17.647Z"
"DER Sénégal","PAVIE: APPEL À MANIFESTATION D’INTÉRÊT","Juin 9, 2026 | Appels à manifestation d'intérêt, Flash Infos","https://www.der.sn/pavie-appel-a-manifestation-dinteret-3/","","2026-09-05T13:05:17.648Z"
"DER Sénégal","PAVIE: APPEL À MANIFESTATION D’INTÉRÊT","Juin 9, 2026 | À la une, Appels à manifestation d'intérêt","https://www.der.sn/pavie-appel-a-manifestation-dinteret-2/","","2026-09-05T13:05:17.649Z"
"DER Sénégal","PAVIE: APPEL À MANIFESTATION D’INTÉRÊT","Juin 9, 2026 | Appels à manifestation d'intérêt, Flash Infos","https://www.der.sn/pavie-appel-a-manifestation-dinteret/","","2026-09-05T13:05:17.649Z"
"DER Sénégal","𝐏𝐀𝐀𝐈𝐂𝐄: 𝐀𝐯𝐢𝐬 𝐝’𝐀𝐩𝐩𝐞𝐥 𝐝’𝐎𝐟𝐟𝐫𝐞𝐬","Juin 23, 2025 | À la une, Appels à manifestation d'intérêt, Flash Infos","https://www.der.sn/%f0%9d%90%8f%f0%9d%90%80%f0%9d%90%80%f0%9d%90%88%f0%9d%90%82%f0%9d%90%84-%f0%9d%90%80%f0%9d%90%af%f0%9d%90%a2%f0%9d%90%ac-%f0%9d%90%9d%f0%9d%90%80%f0%9d%90%a9%f0%9d%90%a9%f0%9d%90%9e/","","2026-09-05T13:05:17.649Z"
"ARCOP (ex-ARMP) Sénégal","NOUVEAUX OUTILS POUR ALLEGER CERTAINES TACHES : A l’ARCOP, l’intelligence artificielle entre dans les pratiques de régulation","Au terme de plusieurs heures de formation réparties sur quatre sessions, les agents de l’ARCOP ont achevé, ce vendredi 4 septembre 2026, leur initiation (...)","https://www.achatspublics.sn/","","2026-09-05T13:05:23.795Z"
"ARCOP (ex-ARMP) Sénégal","NOUVEAUX OUTILS POUR ALLEGER CERTAINES TACHES : A l’ARCOP, l’intelligence artificielle entre dans les pratiques de régulation","Au terme de plusieurs heures de formation réparties sur quatre sessions, les agents de l’ARCOP ont achevé, ce vendredi 4 septembre 2026, leur initiation (...)","https://arcop.sn/2026/09/04/nouveaux-outils-pour-alleger-certaines-taches-a-larcop-lintelligence-artificielle-entre-dans-les-pratiques-de-regulation/","","2026-09-05T13:05:23.796Z"
"ARCOP (ex-ARMP) Sénégal","FORMATION PPP : SENELEC se prépare à mieux maitriser ces contrats complexes","La question des partenariats public privé prend une place croissante dans les projets d’infrastructures et de services publics. Pour la SENELEC, elle se pose (...)","https://arcop.sn/2026/09/04/formation-ppp-la-senelec-renforce-ses-equipes-avec-lappui-de-larcop/","","2026-09-05T13:05:23.797Z"
"ARCOP (ex-ARMP) Sénégal","PROJET MOBILIER NATIONAL : L’ARCOP renforce l’accompagnement des acteurs locaux","Le Projet du mobilier national (PMN) a offert une formation de trois jours à une quarantaine d’artisans de la région de Tambacounda, pour les (...)","https://arcop.sn/2026/09/04/projet-mobilier-national-larcop-renforce-laccompagnement-des-acteurs-locaux/","","2026-09-05T13:05:23.798Z"
"ADEPME","Learn more about our consulting plans.","Lundi – Venvredi: 8h – 17h","https://adepme.sn/","","2026-09-05T13:05:30.846Z"
"ADEPME","Learn more about our consulting plans.","","https://www.adepme.sn/#","Learn more about our consulting plans.","2026-09-05T13:05:30.920Z"
"ADEPME","Learn more about our consulting plans.","","https://www.adepme.sn/","Learn more about our consulting plans.","2026-09-05T13:05:30.966Z"
"ADEPME","Business Management","","https://www.adepme.sn/#","","2026-09-05T13:05:30.970Z"
"ADEPME","Business Management","","https://www.adepme.sn/","","2026-09-05T13:05:30.971Z"
"ADEPME","Best Planner","","https://www.adepme.sn/#","","2026-09-05T13:05:30.972Z"
"ADEPME","Best Planner","","https://www.adepme.sn/","","2026-09-05T13:05:30.973Z"
"ADEPME","Nos services","","https://www.adepme.sn/","","2026-09-05T13:05:30.990Z"
"ADEPME","Nous couvrons l’ensemble du cycle de vie de l’entreprise","","https://adepme.sn/service/formalisation-structuration/","Nous couvrons l’ensemble du cycle de vie de l’entreprise","2026-09-05T13:05:30.991Z"
"ADEPME","Nous couvrons l’ensemble du cycle de vie de l’entreprise","","https://www.adepme.sn/","Nous couvrons l’ensemble du cycle de vie de l’entreprise","2026-09-05T13:05:30.993Z"
"ADEPME","Formalisation & Structuration","","https://adepme.sn/service/formalisation-structuration/","+","2026-09-05T13:05:30.994Z"
"ADEPME","Développement des compétences","","https://adepme.sn/service/developpement-competences/","+","2026-09-05T13:05:30.999Z"
"ADEPME","Accès au Financement & Croissance","","https://adepme.sn/service/acces-financement-croissance/","+","2026-09-05T13:05:31.000Z"
"ADEPME","Intelligence Économique","","https://adepme.sn/service/intelligence-economique/","+","2026-09-05T13:05:31.003Z"
"ADEPME","Innovation & StartUps","","https://adepme.sn/service/innovation-startups/","+","2026-09-05T13:05:31.005Z"
"ADEPME","Labélisation & Made In Sénégal","","https://adepme.sn/service/labelisation-made-in-senegal/","+","2026-09-05T13:05:31.007Z"
"ADEPME","Actualités","","https://www.adepme.sn/","","2026-09-05T13:05:31.009Z"
"ADEPME","Suivez nos récentes actualités","","https://adepme.sn/2026/09/01/communique-de-presse/","Suivez nos récentes actualités","2026-09-05T13:05:31.011Z"
"ADEPME","Suivez nos récentes actualités","","https://www.adepme.sn/","Suivez nos récentes actualités","2026-09-05T13:05:31.014Z"
"ADEPME","Communiqué de presse : la ZLECAf et l’économie halal pour renforcer la compétitivité des PME sénégalaises","","https://adepme.sn/2026/09/01/communique-de-presse/","","2026-09-05T13:05:31.015Z"
"ADEPME","Ambassade de Malaisie : cap sur le MIHAS 2026","","https://adepme.sn/2026/08/27/you-can-use-it-for-any-kind-website-like/","","2026-09-05T13:05:31.018Z"
"ADEPME","Saint – Louis : visite de l’exploitation Ndao Pastèque","","https://adepme.sn/2026/08/27/food-industry-leaders-often-change-their-profound/","","2026-09-05T13:05:31.020Z"
"ADEPME","Kédougou : L’Adepme aux côtés des PME/ PMI à Salémata","","https://adepme.sn/2026/08/27/how-to-go-about-intiating-an-start-up/","","2026-09-05T13:05:31.022Z"
"ADEPME","Visite du Conseil Consultatif des Jeunes du Sénégal (CCJS)","","https://adepme.sn/2026/08/27/how-stay-calm-from-the-first-time/","","2026-09-05T13:05:31.023Z"
"ADEPME","Naatal Sine Saloum : l’Adepme au cœur du suivi des avancées","","https://adepme.sn/2026/08/10/many-types-of-construction-equipment-are-designed/","","2026-09-05T13:05:31.025Z"
"ADEPME","Business Plan","","https://www.youtube.com/watch?v=SF4aHwxHtZ0","80%","2026-09-05T13:05:31.028Z"
"ADEPME","Business Plan","","https://www.adepme.sn/","80%","2026-09-05T13:05:31.032Z"
"ADEPME","Strategy planning","","https://www.adepme.sn/","65%","2026-09-05T13:05:31.035Z"
"ADEPME","Marketing Idea","","https://www.adepme.sn/","50%","2026-09-05T13:05:31.038Z"
"ADEPME","Plan Skills","","https://www.adepme.sn/","80%","2026-09-05T13:05:31.040Z"
"ADEPME","Want to work with us?","","https://www.youtube.com/watch?v=SF4aHwxHtZ0","","2026-09-05T13:05:31.051Z"
"ADEPME","Want to work with us?","","https://www.adepme.sn/","Want to work with us?","2026-09-05T13:05:31.054Z"
"ADEPME","We offer the best price to serve you.","","https://www.adepme.sn/#","We offer the best price
to serve you.","2026-09-05T13:05:31.075Z"
"ADEPME","We offer the best price to serve you.","","https://www.adepme.sn/","We offer the best price
to serve you.","2026-09-05T13:05:31.076Z"
"ADEPME","Basic Plan","","https://www.adepme.sn/#","/month","2026-09-05T13:05:31.078Z"
"ADEPME","Basic Plan","","https://www.adepme.sn/","","2026-09-05T13:05:31.080Z"
"ADEPME","Business Plan","","https://www.adepme.sn/#","/month","2026-09-05T13:05:31.081Z"
"ADEPME","Premium Plan","","https://www.adepme.sn/#","/month","2026-09-05T13:05:31.083Z"
"ADEPME","Premium Plan","","https://www.adepme.sn/","","2026-09-05T13:05:31.084Z"
"ADEPME","Our Recent Case Studies reach goal.","","https://www.adepme.sn/","Our Recent Case Studies reach goal.","2026-09-05T13:05:31.095Z"
"ADEPME","Histoires de succès","","https://www.adepme.sn/","","2026-09-05T13:05:31.100Z"
"ADEPME","PME championnes","","https://www.youtube.com/watch?v=L1pYePx-9EA&t=29s&pp=0gcJCZkLAYcqIYzv","PME championnes","2026-09-05T13:05:31.100Z"
"ADEPME","PME championnes","","https://www.adepme.sn/","PME championnes","2026-09-05T13:05:31.101Z"
"ADEPME","Nos programmes","","https://www.adepme.sn/","","2026-09-05T13:05:31.105Z"
"ADEPME","Nous vous accompagnons à travers divers programmes","","https://adepme.sn/programmes/eter/","Nous vous accompagnons 
à travers divers programmes","2026-09-05T13:05:31.106Z"
"ADEPME","Nous vous accompagnons à travers divers programmes","","https://www.adepme.sn/","Nous vous accompagnons 
à travers divers programmes","2026-09-05T13:05:31.107Z"
"ADEPME","JEUNESSE NORD","","https://adepme.sn/programmes/jeunesse-nord/%20","","2026-09-05T13:05:31.113Z"
"ADEPME","AFFIRMATIVE PROCUREMENT","","https://adepme.sn/programmes/affirmative-procurement/","","2026-09-05T13:05:31.114Z"
"ADEPME","Nos partenaires","","https://www.adepme.sn/#","Nous collaborons avec des bailleurs techniques et financiers","2026-09-05T13:05:31.114Z"
"ADEPME","Nos partenaires","","https://www.adepme.sn/","","2026-09-05T13:05:31.115Z"
"ADEPME","Nous collaborons avec des bailleurs techniques et financiers","","https://www.adepme.sn/","Nous collaborons avec des bailleurs techniques et financiers","2026-09-05T13:05:31.115Z"
"ADEPME","We are very happy to get client’s review.","","https://www.adepme.sn/","We are very happy to get client’s review.","2026-09-05T13:05:31.123Z"
"ADEPME","Natalia Bruk","","https://www.adepme.sn/","","2026-09-05T13:05:31.130Z"
"ADEPME","Kathleen Smith","","https://www.adepme.sn/","","2026-09-05T13:05:31.133Z"
"ADEPME","Fred L Smith","","https://www.adepme.sn/","","2026-09-05T13:05:31.134Z"
"ADEPME","We’re ready to share our advice and experience.","","https://adepme.sn/2026/09/01/communique-de-presse/","We’re ready to share our advice and experience.","2026-09-05T13:05:31.136Z"
"ADEPME","We’re ready to share our advice and experience.","","https://www.adepme.sn/","We’re ready to share our advice and experience.","2026-09-05T13:05:31.138Z"
"ADEPME","Communiqué de presse : la ZLECAf et l’économie halal pour renforcer la compétitivité des PME sénégalaises","","https://adepme.sn/author/adepme-admin/","","2026-09-05T13:05:31.144Z"
"ADEPME","Ambassade de Malaisie : cap sur le MIHAS 2026","","https://adepme.sn/author/adepme-admin/","","2026-09-05T13:05:31.145Z"
"ADEPME","Saint – Louis : visite de l’exploitation Ndao Pastèque","","https://adepme.sn/author/adepme-admin/","","2026-09-05T13:05:31.146Z"
"ADEPME","Kédougou : L’Adepme aux côtés des PME/ PMI à Salémata","","https://adepme.sn/author/adepme-admin/","","2026-09-05T13:05:31.147Z"
"ADEPME","Visite du Conseil Consultatif des Jeunes du Sénégal (CCJS)","","https://adepme.sn/author/adepme-admin/","","2026-09-05T13:05:31.148Z"
"ADEPME","Naatal Sine Saloum : l’Adepme au cœur du suivi des avancées","","https://adepme.sn/author/adepme-admin/","","2026-09-05T13:05:31.150Z"
"ADEPME","Suivez-nous","Newsletter","https://www.facebook.com/Adepme","Suivez-nous","2026-09-05T13:05:31.169Z"
"ADEPME","Suivez-nous","","https://www.adepme.sn/","Suivez-nous","2026-09-05T13:05:31.169Z"
"ADEPME","Catégories","","https://adepme.sn/category/appels-a-candidatures/","","2026-09-05T13:05:31.179Z"
"ADEPME","S'abonner à notre newsletter","","https://www.adepme.sn/","Non, merci","2026-09-05T13:05:31.182Z"
"Banque Mondiale","Recruitment of Social Safeguard Specialist","Western and Central Africa","https://projects.worldbank.org/en/projects-operations/procurement-detail/OP00438762","September 4, 2026","2026-09-05T13:05:53.290Z"
"Banque Mondiale","Rehabilitation and Solarization of Exisiting Drinking water supply Schemes in District Khyber","Pakistan","https://projects.worldbank.org/en/projects-operations/procurement-detail/OP00449681","September 4, 2026","2026-09-05T13:05:53.291Z"
"Banque Mondiale","Fourniture de la matière d’œuvre périssable pour certains établissements bénéficiaires de la Fenêtre 1 du MCDC du PADESCE en trois (03) Lots","Cameroon","https://projects.worldbank.org/en/projects-operations/procurement-detail/OP00453380","September 4, 2026","2026-09-05T13:05:53.292Z"
"Banque Mondiale","Recrutement d’un consultant individuel au poste de Responsable Irrigation de l’UEIR Atsinanana","Eastern and Southern Africa","https://projects.worldbank.org/en/projects-operations/procurement-detail/OP00458560","September 4, 2026","2026-09-05T13:05:53.292Z"
"Banque Mondiale","Procurement of computers","Uzbekistan","https://projects.worldbank.org/en/projects-operations/procurement-detail/OP00459226","September 4, 2026","2026-09-05T13:05:53.293Z"
"Banque Mondiale","Hiring an international consultant to provide training on health inspection procedures at national and international border points","Western and Central Africa","https://projects.worldbank.org/en/projects-operations/procurement-detail/OP00459841","September 4, 2026","2026-09-05T13:05:53.294Z"
"Banque Mondiale","Consultancy Services for Procurement of Software Development, Update, and Maintenance Support Services for the Infectious Disease Surveillance and Early Warning System (İzci) Web and Mobile Applicatio","Turkiye","https://projects.worldbank.org/en/projects-operations/procurement-detail/OP00460434","September 4, 2026","2026-09-05T13:05:53.294Z"
"Banque Mondiale","Consulting Service for preparation of RAP Compliance Report","Georgia","https://projects.worldbank.org/en/projects-operations/procurement-detail/OP00460489","September 4, 2026","2026-09-05T13:05:53.295Z"
"Banque Mondiale","Improve the Cybersecurity of the Platform","Lebanon","https://projects.worldbank.org/en/projects-operations/procurement-detail/OP00464414","September 4, 2026","2026-09-05T13:05:53.295Z"
"Banque Mondiale","Development of Software for Partitioning Process","Pakistan","https://projects.worldbank.org/en/projects-operations/procurement-detail/OP00465425","September 4, 2026","2026-09-05T13:05:53.296Z"
"Banque Mondiale","Suivi et contrôle des travaux i) de réalisation de dix (10) systèmes multi-villages d’alimentation en eau potable dans la zone nord de la Côte d’Ivoire, ii) d’alimentation en eau potable de Soba et le","Cote d'Ivoire","https://projects.worldbank.org/en/projects-operations/procurement-detail/OP00466161","September 4, 2026","2026-09-05T13:05:53.296Z"
"Banque Mondiale","Construction de bureaux administratifs pour les CIRPEB repartis en 02 lots: District Betroka, District Morombe","Madagascar","https://projects.worldbank.org/en/projects-operations/procurement-detail/OP00466396","September 4, 2026","2026-09-05T13:05:53.297Z"
"Banque Mondiale","Spectrum Management and Monitoring Equipment (Fixed and Mobile Units) for the support of National Communications Authority of Somalia (NCA), FGS.","Eastern and Southern Africa","https://projects.worldbank.org/en/projects-operations/procurement-detail/OP00466598","September 4, 2026","2026-09-05T13:05:53.297Z"
"Banque Mondiale","Design Supervision of Mandalgobi-Arvaikheer 220 kV Transmission Line and Construction and Expansion of Associated Substations","Mongolia","https://projects.worldbank.org/en/projects-operations/procurement-detail/OP00466706","September 4, 2026","2026-09-05T13:05:53.298Z"
"Banque Mondiale","Infrastructure Engineer (Advisor)","Vanuatu","https://projects.worldbank.org/en/projects-operations/procurement-detail/OP00466923","September 4, 2026","2026-09-05T13:05:53.298Z"
"Banque Mondiale","FCU-10 | Procurement of SCUBA Gears and Habitat Assessment Monitoring Equipment","Philippines","https://projects.worldbank.org/en/projects-operations/procurement-detail/OP00466926","September 4, 2026","2026-09-05T13:05:53.298Z"
"Banque Mondiale","FCU-10 | Procurement of SCUBA Gears and Habitat Assessment Monitoring Equipment","Philippines","https://projects.worldbank.org/en/projects-operations/procurement-detail/OP00466927","September 4, 2026","2026-09-05T13:05:53.299Z"
"Banque Mondiale","FCU-10 | Procurement of SCUBA Gears and Habitat Assessment Monitoring Equipment","Philippines","https://projects.worldbank.org/en/projects-operations/procurement-detail/OP00466928","September 4, 2026","2026-09-05T13:05:53.300Z"
"Banque Mondiale","FCU-10 | Procurement of SCUBA Gears and Habitat Assessment Monitoring Equipment","Philippines","https://projects.worldbank.org/en/projects-operations/procurement-detail/OP00466929","September 4, 2026","2026-09-05T13:05:53.300Z"
"Banque Mondiale","FCU-10 | Procurement of SCUBA Gears and Habitat Assessment Monitoring Equipment","Philippines","https://projects.worldbank.org/en/projects-operations/procurement-detail/OP00466930","September 4, 2026","2026-09-05T13:05:53.300Z"
"BAD - Banque Africaine de Développement","P-Z1-DB0-202","MULTINATIONAL NACALA ROAD CORRIDOR DEVELOPMENT PROJECT PHASE V - MALAWI","https://www.afdb.org/en/projects-and-operations/p-z1-db0-202","19-Jun-2019","2026-09-05T13:06:09.834Z"
"BAD - Banque Africaine de Développement","P-LS-E00-007","CLIMATE CHANGE ADAPTATION FOR SUSTAINABLE RURAL WATER SUPPLY IN LOWLANDS LESOTHO","https://www.afdb.org/en/projects-and-operations/p-ls-e00-007","30-May-2019","2026-09-05T13:06:09.834Z"
"BAD - Banque Africaine de Développement","P-GA-E00-001","PROGRAMME INTÉGRÉ D'ALIMENTATION EN EAU POTABLE ET ASSAINISSEMENT DE LIBREVILLE SOUS-PROGRAMME 1","https://www.afdb.org/en/projects-and-operations/p-ga-e00-001","10-Jan-2019","2026-09-05T13:06:09.835Z"
"BAD - Banque Africaine de Développement","P-DZ-KF0-003","APPUI GOUVERNANCE ENTREPRISES PUBLIQUES ET DES PARTICIPATIONS DE L'ETAT","https://www.afdb.org/en/projects-and-operations/p-dz-kf0-003","18-Dec-2018","2026-09-05T13:06:09.835Z"
"BAD - Banque Africaine de Développement","P-UG-EB0-007","PREPARATION OF FEASIBILITY STUDIES AND DETAILED DESIGNS FOR FAECAL SLUDGE SERVICE CHAIN MANAGEMENT","https://www.afdb.org/en/projects-and-operations/p-ug-eb0-007","18-Dec-2018","2026-09-05T13:06:09.836Z"
"BAD - Banque Africaine de Développement","P-SD-AAZ-009","DAL GROUP CO LTD(FOOD AND AGRICULTURAL INVESTMENT PROGRAMME)","https://www.afdb.org/en/projects-and-operations/p-sd-aaz-009","14-Dec-2018","2026-09-05T13:06:09.836Z"
"BAD - Banque Africaine de Développement","P-LR-HAB-002","TRADE FINANCE LINE OF CREDIT INTERNATIONAL BANK LIBERIA LIMITED","https://www.afdb.org/en/projects-and-operations/p-lr-hab-002","14-Dec-2018","2026-09-05T13:06:09.837Z"
"BAD - Banque Africaine de Développement","P-LR-HAB-001","TRADE FINANCE LINE OF CREDIT LIBERIAN BANK FOR DEVELOPMENT AND INVESTMENT","https://www.afdb.org/en/projects-and-operations/p-lr-hab-001","14-Dec-2018","2026-09-05T13:06:09.837Z"
"BAD - Banque Africaine de Développement","P-Z1-FA0-162","SUPPLEMENTARY FINANCING : ETHIOPIA - KENYA ELECTRICITY HIGHWAY (KENYA)","https://www.afdb.org/en/projects-and-operations/p-z1-fa0-162","14-Dec-2018","2026-09-05T13:06:09.837Z"
"BAD - Banque Africaine de Développement","P-Z1-F00-077","NELSAP BURUNDI – RWANDA INTERCONNECTION","https://www.afdb.org/en/projects-and-operations/p-z1-f00-077","14-Dec-2018","2026-09-05T13:06:09.838Z"
"BAD - Banque Africaine de Développement","P-Z1-DD0-022","STUDIES AND PPP STRUCTURING FOR THE CONSTRUCTION OF SÃO TOMÉ DEEP SEA TRANSSHIPMENT PORT","https://www.afdb.org/en/projects-and-operations/p-z1-dd0-022","14-Dec-2018","2026-09-05T13:06:09.838Z"
"BAD - Banque Africaine de Développement","P-Z1-DD0-021","FEASIBILITY STUDY OF A DEEP SEA PORT IN THE NORTH-WEST REGION OF THE REPUBLIC OF GUINEA","https://www.afdb.org/en/projects-and-operations/p-z1-dd0-021","14-Dec-2018","2026-09-05T13:06:09.839Z"
"BAD - Banque Africaine de Développement","P-Z1-DD0-020","FEASIBILITY STUDY OF THE DEEP SEA PORT IN GUINEA-BISSAU","https://www.afdb.org/en/projects-and-operations/p-z1-dd0-020","14-Dec-2018","2026-09-05T13:06:09.839Z"
"BAD - Banque Africaine de Développement","P-RW-E00-012","RWANDA SUSTAINABLE WATER SUPPLY AND SANITATION PROGRAM ADDITIONAL FINANCING","https://www.afdb.org/en/projects-and-operations/p-rw-e00-012","14-Dec-2018","2026-09-05T13:06:09.839Z"
"BAD - Banque Africaine de Développement","P-NG-KA0-004","NIGERIA - AFRICAN TRADE INSURANCE (ATI) COUNTRY MEMBERSHIP PROGRAMME","https://www.afdb.org/en/projects-and-operations/p-ng-ka0-004","14-Dec-2018","2026-09-05T13:06:09.840Z"
"BAD - Banque Africaine de Développement","P-NG-IA0-006","ADDITIONAL LOAN TO IBSDLIEP FOR THE COMPLETION OF FSTC LASSA BORNO STATE","https://www.afdb.org/en/projects-and-operations/p-ng-ia0-006","14-Dec-2018","2026-09-05T13:06:09.840Z"
"BAD - Banque Africaine de Développement","P-NG-AZ0-001","SAY NO TO FAMINE FOR NIGERIA","https://www.afdb.org/en/projects-and-operations/p-ng-az0-001","14-Dec-2018","2026-09-05T13:06:09.841Z"
"BAD - Banque Africaine de Développement","P-GA-DD0-002","GSEZ PORT PROJECT","https://www.afdb.org/en/projects-and-operations/p-ga-dd0-002","14-Dec-2018","2026-09-05T13:06:09.841Z"
"BAD - Banque Africaine de Développement","P-BF-FA0-010","PROGRAMME DESERT TO POWER - PROJET YELEEN D'ELECTRIFICATION RURALE","https://www.afdb.org/en/projects-and-operations/p-bf-fa0-010","14-Dec-2018","2026-09-05T13:06:09.841Z"
"BAD - Banque Africaine de Développement","P-TD-AA0-024","PROJET RENFORCEMENT DE LA RÉSILIENCE POUR LA SÉCURITÉ ALIMENTAIRE P2RS - GEF","https://www.afdb.org/en/projects-and-operations/p-td-aa0-024","14-Dec-2018","2026-09-05T13:06:09.842Z"
"Union Européenne","Latest news","Sustainable and trusted connections that work for people and the planet","https://ec.europa.eu/international-partnerships/funding-and-tenders_en","","2026-09-05T13:06:15.584Z"
"PNUD Sénégal","M. Njoya Tikum, Représentant Résident du PNUD au Sénégal, présente ses lettres d'accréditation à S.E. Mme Aissata Tall Sall, Ministre des Affaires Etrangères et des Sénégalais de l'Extérieur","","https://www.sn.undp.org/fr/senegal/actualites/m-njoya-tikum-representant-resident-du-pnud-au-senegal-presente-ses-lettres-daccreditation-se-mme-aissata-tall-sall-ministre-des","","2026-09-05T13:06:42.113Z"
"PNUD Sénégal","PNUD Sénégal | Rapport Annuel 2025","Ce rapport illustre les résultats obtenus dans nos principaux domaines d’intervention : la gouvernance démocratique, la transition écologique, l’autonomisation économique, la réduction de la pauvreté et le renforcement des capacités institutionnelles. Il témoigne aussi de notre intention de continuer à innover, à apprendre des expériences du terrain et à adapter notre approche pour répondre aux besoins émergents.","https://www.undp.org/fr/senegal/publications/rapport-annuel-senegal-2025","","2026-09-05T13:06:42.116Z"
"PNUD Sénégal","1,6 Millions","","https://www.sn.undp.org/","","2026-09-05T13:06:42.119Z"
"GIZ Sénégal","Information about our data","The current data version is dated December 31, 2025. The data is usually available in German and English. The project portal is divided into various levels that structure the different data and content: a supraregional level with information about all GIZ projects along with a continent and a country level. In addition, you can find individual project pages with detailed information about the projects.","https://www.govdata.de/dl-de/by-2-0","","2026-09-05T13:06:46.401Z"
"USAID","Notice to Potential Bidders for Open solicitations for products and services for the U.S. Mission in Senegal:","","https://sn.usembassy.gov/author/missionsn/","","2026-09-05T13:07:05.560Z"
"USAID","U.S. Embassy in Senegal","","https://sn.usembassy.gov/","","2026-09-05T13:07:05.561Z"